Feed_Id,SMP_Station
feed_id_01,smp_station_name_1027
feed_id_02,smp_station_name_94
feed_id_03,smp_station_name_500
feed_id_04,smp_station_name_346
feed_id_06,smp_station_name_732
feed_id_08,smp_station_name_639
feed_id_10,smp_station_name_51
feed_id_100,smp_station_name_157
feed_id_1000,smp_station_name_561
feed_id_1002,smp_station_name_702
feed_id_1004,smp_station_name_265
feed_id_1005,smp_station_name_04
feed_id_1006,smp_station_name_804
feed_id_1007,smp_station_name_390
feed_id_1008,smp_station_name_253
feed_id_1009,smp_station_name_1085
feed_id_1010,smp_station_name_678
feed_id_1011,smp_station_name_315
feed_id_1012,smp_station_name_531
feed_id_1013,smp_station_name_537
feed_id_1014,smp_station_name_877
feed_id_1015,smp_station_name_1111
feed_id_1016,smp_station_name_1056
feed_id_1018,smp_station_name_567
feed_id_1019,smp_station_name_777
feed_id_1020,smp_station_name_790
feed_id_1021,smp_station_name_338
feed_id_1025,smp_station_name_517
feed_id_1026,smp_station_name_1071
feed_id_1028,smp_station_name_05
feed_id_1029,smp_station_name_382
feed_id_1030,smp_station_name_462
feed_id_1031,smp_station_name_291
feed_id_1032,smp_station_name_908
feed_id_1033,smp_station_name_618
feed_id_1034,smp_station_name_37
feed_id_1035,smp_station_name_990
feed_id_1037,smp_station_name_11
feed_id_1038,smp_station_name_665
feed_id_1039,smp_station_name_424
feed_id_104,smp_station_name_397
feed_id_1040,smp_station_name_495
feed_id_1041,smp_station_name_1014
feed_id_1042,smp_station_name_345
feed_id_1043,smp_station_name_446
feed_id_1044,smp_station_name_137
feed_id_1046,smp_station_name_341
feed_id_1047,smp_station_name_452
feed_id_1048,smp_station_name_375
feed_id_1049,smp_station_name_224
feed_id_105,smp_station_name_801
feed_id_1050,smp_station_name_962
feed_id_1052,smp_station_name_207
feed_id_1053,smp_station_name_208
feed_id_1056,smp_station_name_08
feed_id_1057,smp_station_name_978
feed_id_1058,smp_station_name_926
feed_id_1059,smp_station_name_255
feed_id_106,smp_station_name_999
feed_id_1060,smp_station_name_868
feed_id_1061,smp_station_name_62
feed_id_1064,smp_station_name_793
feed_id_1065,smp_station_name_774
feed_id_1067,smp_station_name_153
feed_id_1068,smp_station_name_922
feed_id_107,smp_station_name_1020
feed_id_1070,smp_station_name_259
feed_id_1071,smp_station_name_526
feed_id_1072,smp_station_name_707
feed_id_1073,smp_station_name_980
feed_id_1076,smp_station_name_491
feed_id_1079,smp_station_name_1099
feed_id_1080,smp_station_name_459
feed_id_1083,smp_station_name_245
feed_id_1084,smp_station_name_199
feed_id_1085,smp_station_name_176
feed_id_1087,smp_station_name_262
feed_id_1089,smp_station_name_549
feed_id_109,smp_station_name_88
feed_id_1091,smp_station_name_755
feed_id_1092,smp_station_name_467
feed_id_1093,smp_station_name_819
feed_id_1094,smp_station_name_661
feed_id_1095,smp_station_name_1069
feed_id_1096,smp_station_name_348
feed_id_1097,smp_station_name_909
feed_id_1098,smp_station_name_412
feed_id_1099,smp_station_name_831
feed_id_11,smp_station_name_1051
feed_id_1100,smp_station_name_443
feed_id_1101,smp_station_name_879
feed_id_1102,smp_station_name_1110
feed_id_1105,smp_station_name_365
feed_id_1106,smp_station_name_222
feed_id_1107,smp_station_name_772
feed_id_1108,smp_station_name_1004
feed_id_1109,smp_station_name_190
feed_id_111,smp_station_name_682
feed_id_1110,smp_station_name_761
feed_id_1112,smp_station_name_110
feed_id_1113,smp_station_name_113
feed_id_1116,smp_station_name_946
feed_id_1119,smp_station_name_850
feed_id_1120,smp_station_name_279
feed_id_1121,smp_station_name_238
feed_id_1122,smp_station_name_920
feed_id_1123,smp_station_name_770
feed_id_1124,smp_station_name_212
feed_id_1125,smp_station_name_344
feed_id_1126,smp_station_name_1030
feed_id_1127,smp_station_name_1075
feed_id_1128,smp_station_name_14
feed_id_1129,smp_station_name_673
feed_id_113,smp_station_name_1028
feed_id_1130,smp_station_name_454
feed_id_1132,smp_station_name_292
feed_id_1133,smp_station_name_1024
feed_id_1134,smp_station_name_1114
feed_id_1136,smp_station_name_422
feed_id_1137,smp_station_name_861
feed_id_1139,smp_station_name_349
feed_id_1140,smp_station_name_461
feed_id_1141,smp_station_name_33
feed_id_1142,smp_station_name_942
feed_id_1143,smp_station_name_576
feed_id_1144,smp_station_name_429
feed_id_1145,smp_station_name_786
feed_id_1146,smp_station_name_118
feed_id_1147,smp_station_name_657
feed_id_1148,smp_station_name_399
feed_id_1149,smp_station_name_1080
feed_id_115,smp_station_name_419
feed_id_1150,smp_station_name_938
feed_id_1151,smp_station_name_159
feed_id_1152,smp_station_name_607
feed_id_1153,smp_station_name_789
feed_id_1154,smp_station_name_313
feed_id_1155,smp_station_name_630
feed_id_1156,smp_station_name_321
feed_id_1158,smp_station_name_1096
feed_id_116,smp_station_name_85
feed_id_1160,smp_station_name_578
feed_id_1161,smp_station_name_73
feed_id_1162,smp_station_name_1123
feed_id_1164,smp_station_name_507
feed_id_1165,smp_station_name_669
feed_id_1168,smp_station_name_273
feed_id_1169,smp_station_name_380
feed_id_1171,smp_station_name_995
feed_id_1172,smp_station_name_492
feed_id_1173,smp_station_name_522
feed_id_1174,smp_station_name_891
feed_id_1175,smp_station_name_493
feed_id_1176,smp_station_name_834
feed_id_1178,smp_station_name_417
feed_id_1179,smp_station_name_713
feed_id_118,smp_station_name_50
feed_id_1181,smp_station_name_465
feed_id_1182,smp_station_name_776
feed_id_1183,smp_station_name_1086
feed_id_1184,smp_station_name_47
feed_id_1185,smp_station_name_68
feed_id_1186,smp_station_name_158
feed_id_1189,smp_station_name_1064
feed_id_119,smp_station_name_392
feed_id_1190,smp_station_name_247
feed_id_1191,smp_station_name_865
feed_id_1192,smp_station_name_494
feed_id_1193,smp_station_name_477
feed_id_1194,smp_station_name_244
feed_id_1195,smp_station_name_746
feed_id_1196,smp_station_name_686
feed_id_1197,smp_station_name_846
feed_id_1198,smp_station_name_1062
feed_id_1199,smp_station_name_475
feed_id_12,smp_station_name_362
feed_id_1201,smp_station_name_484
feed_id_1202,smp_station_name_325
feed_id_1203,smp_station_name_290
feed_id_1204,smp_station_name_523
feed_id_1205,smp_station_name_724
feed_id_1206,smp_station_name_360
feed_id_1208,smp_station_name_741
feed_id_1209,smp_station_name_799
feed_id_1211,smp_station_name_1105
feed_id_1213,smp_station_name_785
feed_id_1214,smp_station_name_703
feed_id_1216,smp_station_name_140
feed_id_1218,smp_station_name_219
feed_id_1219,smp_station_name_1077
feed_id_122,smp_station_name_258
feed_id_1221,smp_station_name_907
feed_id_1223,smp_station_name_1012
feed_id_1224,smp_station_name_529
feed_id_1226,smp_station_name_1118
feed_id_1227,smp_station_name_372
feed_id_1228,smp_station_name_955
feed_id_123,smp_station_name_1053
feed_id_1230,smp_station_name_100
feed_id_1231,smp_station_name_55
feed_id_1233,smp_station_name_845
feed_id_1234,smp_station_name_151
feed_id_1236,smp_station_name_731
feed_id_1237,smp_station_name_706
feed_id_1239,smp_station_name_373
feed_id_1240,smp_station_name_918
feed_id_1241,smp_station_name_1119
feed_id_1243,smp_station_name_228
feed_id_1245,smp_station_name_904
feed_id_1248,smp_station_name_427
feed_id_1249,smp_station_name_981
feed_id_125,smp_station_name_204
feed_id_1250,smp_station_name_794
feed_id_1252,smp_station_name_961
feed_id_1254,smp_station_name_848
feed_id_1256,smp_station_name_252
feed_id_1258,smp_station_name_726
feed_id_1259,smp_station_name_162
feed_id_126,smp_station_name_679
feed_id_1260,smp_station_name_952
feed_id_1262,smp_station_name_232
feed_id_1264,smp_station_name_408
feed_id_1265,smp_station_name_1049
feed_id_1266,smp_station_name_660
feed_id_1267,smp_station_name_179
feed_id_1268,smp_station_name_437
feed_id_1269,smp_station_name_42
feed_id_127,smp_station_name_17
feed_id_1271,smp_station_name_314
feed_id_1272,smp_station_name_896
feed_id_1273,smp_station_name_283
feed_id_1275,smp_station_name_80
feed_id_1276,smp_station_name_854
feed_id_1277,smp_station_name_455
feed_id_1278,smp_station_name_615
feed_id_1279,smp_station_name_152
feed_id_128,smp_station_name_149
feed_id_1280,smp_station_name_911
feed_id_1281,smp_station_name_766
feed_id_1282,smp_station_name_934
feed_id_1283,smp_station_name_712
feed_id_1284,smp_station_name_977
feed_id_1285,smp_station_name_715
feed_id_1286,smp_station_name_588
feed_id_1287,smp_station_name_327
feed_id_1288,smp_station_name_647
feed_id_1289,smp_station_name_339
feed_id_1292,smp_station_name_645
feed_id_1295,smp_station_name_297
feed_id_1297,smp_station_name_559
feed_id_1298,smp_station_name_664
feed_id_1299,smp_station_name_239
feed_id_13,smp_station_name_433
feed_id_130,smp_station_name_309
feed_id_1302,smp_station_name_1117
feed_id_1303,smp_station_name_721
feed_id_1304,smp_station_name_717
feed_id_1305,smp_station_name_1093
feed_id_1307,smp_station_name_940
feed_id_1308,smp_station_name_44
feed_id_1309,smp_station_name_488
feed_id_131,smp_station_name_899
feed_id_1310,smp_station_name_847
feed_id_1311,smp_station_name_534
feed_id_1312,smp_station_name_948
feed_id_1313,smp_station_name_82
feed_id_1314,smp_station_name_393
feed_id_1315,smp_station_name_779
feed_id_1316,smp_station_name_841
feed_id_1317,smp_station_name_593
feed_id_1318,smp_station_name_781
feed_id_132,smp_station_name_1037
feed_id_1320,smp_station_name_355
feed_id_1321,smp_station_name_1074
feed_id_1322,smp_station_name_1061
feed_id_1323,smp_station_name_694
feed_id_1324,smp_station_name_556
feed_id_1325,smp_station_name_93
feed_id_1327,smp_station_name_1042
feed_id_1328,smp_station_name_859
feed_id_1329,smp_station_name_967
feed_id_133,smp_station_name_299
feed_id_1330,smp_station_name_798
feed_id_1331,smp_station_name_74
feed_id_1332,smp_station_name_470
feed_id_1335,smp_station_name_842
feed_id_1336,smp_station_name_1031
feed_id_1337,smp_station_name_699
feed_id_134,smp_station_name_128
feed_id_1342,smp_station_name_1001
feed_id_1344,smp_station_name_376
feed_id_1345,smp_station_name_499
feed_id_1346,smp_station_name_863
feed_id_1347,smp_station_name_154
feed_id_1349,smp_station_name_319
feed_id_135,smp_station_name_520
feed_id_1350,smp_station_name_1005
feed_id_1352,smp_station_name_305
feed_id_1353,smp_station_name_566
feed_id_1354,smp_station_name_184
feed_id_1356,smp_station_name_310
feed_id_1357,smp_station_name_249
feed_id_1358,smp_station_name_869
feed_id_1359,smp_station_name_582
feed_id_1362,smp_station_name_1010
feed_id_1364,smp_station_name_901
feed_id_1365,smp_station_name_07
feed_id_1367,smp_station_name_889
feed_id_1368,smp_station_name_751
feed_id_1369,smp_station_name_336
feed_id_137,smp_station_name_966
feed_id_1370,smp_station_name_511
feed_id_1371,smp_station_name_1104
feed_id_1372,smp_station_name_298
feed_id_1373,smp_station_name_1040
feed_id_1376,smp_station_name_423
feed_id_1377,smp_station_name_294
feed_id_1378,smp_station_name_643
feed_id_1379,smp_station_name_99
feed_id_138,smp_station_name_514
feed_id_1380,smp_station_name_326
feed_id_1381,smp_station_name_435
feed_id_1382,smp_station_name_250
feed_id_1383,smp_station_name_391
feed_id_1384,smp_station_name_134
feed_id_1385,smp_station_name_20
feed_id_1386,smp_station_name_83
feed_id_1387,smp_station_name_10
feed_id_1389,smp_station_name_580
feed_id_139,smp_station_name_996
feed_id_1390,smp_station_name_69
feed_id_1391,smp_station_name_60
feed_id_1396,smp_station_name_676
feed_id_1397,smp_station_name_921
feed_id_1399,smp_station_name_168
feed_id_14,smp_station_name_13
feed_id_140,smp_station_name_438
feed_id_1400,smp_station_name_690
feed_id_1401,smp_station_name_705
feed_id_1402,smp_station_name_653
feed_id_1403,smp_station_name_1066
feed_id_1405,smp_station_name_602
feed_id_1407,smp_station_name_329
feed_id_1408,smp_station_name_883
feed_id_1409,smp_station_name_810
feed_id_141,smp_station_name_145
feed_id_1410,smp_station_name_825
feed_id_1411,smp_station_name_276
feed_id_1412,smp_station_name_104
feed_id_1413,smp_station_name_76
feed_id_1414,smp_station_name_377
feed_id_1415,smp_station_name_791
feed_id_1416,smp_station_name_852
feed_id_1417,smp_station_name_205
feed_id_1418,smp_station_name_1013
feed_id_1419,smp_station_name_644
feed_id_142,smp_station_name_112
feed_id_1422,smp_station_name_836
feed_id_1424,smp_station_name_282
feed_id_1425,smp_station_name_1087
feed_id_1426,smp_station_name_35
feed_id_1427,smp_station_name_468
feed_id_1428,smp_station_name_972
feed_id_1429,smp_station_name_548
feed_id_143,smp_station_name_610
feed_id_1430,smp_station_name_795
feed_id_1431,smp_station_name_77
feed_id_1432,smp_station_name_233
feed_id_1433,smp_station_name_814
feed_id_1434,smp_station_name_1011
feed_id_1435,smp_station_name_890
feed_id_1436,smp_station_name_1100
feed_id_1438,smp_station_name_320
feed_id_144,smp_station_name_516
feed_id_1440,smp_station_name_464
feed_id_1441,smp_station_name_993
feed_id_1442,smp_station_name_749
feed_id_1443,smp_station_name_806
feed_id_1444,smp_station_name_379
feed_id_1445,smp_station_name_823
feed_id_1446,smp_station_name_141
feed_id_1448,smp_station_name_701
feed_id_1449,smp_station_name_565
feed_id_145,smp_station_name_21
feed_id_1450,smp_station_name_288
feed_id_1451,smp_station_name_880
feed_id_1452,smp_station_name_871
feed_id_1455,smp_station_name_563
feed_id_1458,smp_station_name_1047
feed_id_1459,smp_station_name_254
feed_id_146,smp_station_name_270
feed_id_1460,smp_station_name_1115
feed_id_1461,smp_station_name_882
feed_id_1462,smp_station_name_58
feed_id_1463,smp_station_name_1008
feed_id_1464,smp_station_name_968
feed_id_1465,smp_station_name_287
feed_id_1467,smp_station_name_425
feed_id_1468,smp_station_name_98
feed_id_1469,smp_station_name_485
feed_id_147,smp_station_name_555
feed_id_1470,smp_station_name_668
feed_id_1471,smp_station_name_350
feed_id_1472,smp_station_name_957
feed_id_1474,smp_station_name_256
feed_id_1476,smp_station_name_885
feed_id_1477,smp_station_name_624
feed_id_1478,smp_station_name_775
feed_id_1479,smp_station_name_654
feed_id_148,smp_station_name_744
feed_id_149,smp_station_name_1120
feed_id_150,smp_station_name_560
feed_id_152,smp_station_name_652
feed_id_153,smp_station_name_197
feed_id_154,smp_station_name_633
feed_id_155,smp_station_name_206
feed_id_156,smp_station_name_932
feed_id_158,smp_station_name_367
feed_id_159,smp_station_name_728
feed_id_16,smp_station_name_48
feed_id_160,smp_station_name_24
feed_id_161,smp_station_name_442
feed_id_162,smp_station_name_540
feed_id_163,smp_station_name_307
feed_id_164,smp_station_name_760
feed_id_165,smp_station_name_930
feed_id_166,smp_station_name_513
feed_id_168,smp_station_name_851
feed_id_169,smp_station_name_1058
feed_id_17,smp_station_name_469
feed_id_171,smp_station_name_384
feed_id_172,smp_station_name_172
feed_id_173,smp_station_name_147
feed_id_174,smp_station_name_439
feed_id_175,smp_station_name_174
feed_id_176,smp_station_name_407
feed_id_177,smp_station_name_386
feed_id_178,smp_station_name_209
feed_id_179,smp_station_name_448
feed_id_181,smp_station_name_623
feed_id_183,smp_station_name_61
feed_id_184,smp_station_name_569
feed_id_185,smp_station_name_1089
feed_id_187,smp_station_name_126
feed_id_188,smp_station_name_30
feed_id_19,smp_station_name_839
feed_id_190,smp_station_name_480
feed_id_191,smp_station_name_198
feed_id_192,smp_station_name_72
feed_id_193,smp_station_name_229
feed_id_194,smp_station_name_1076
feed_id_195,smp_station_name_91
feed_id_196,smp_station_name_29
feed_id_197,smp_station_name_970
feed_id_20,smp_station_name_478
feed_id_200,smp_station_name_773
feed_id_203,smp_station_name_368
feed_id_204,smp_station_name_1068
feed_id_206,smp_station_name_924
feed_id_207,smp_station_name_849
feed_id_208,smp_station_name_451
feed_id_209,smp_station_name_754
feed_id_21,smp_station_name_815
feed_id_210,smp_station_name_116
feed_id_211,smp_station_name_453
feed_id_213,smp_station_name_803
feed_id_216,smp_station_name_969
feed_id_218,smp_station_name_306
feed_id_219,smp_station_name_56
feed_id_220,smp_station_name_524
feed_id_221,smp_station_name_275
feed_id_223,smp_station_name_369
feed_id_224,smp_station_name_142
feed_id_225,smp_station_name_951
feed_id_226,smp_station_name_1108
feed_id_227,smp_station_name_636
feed_id_228,smp_station_name_1090
feed_id_229,smp_station_name_949
feed_id_23,smp_station_name_03
feed_id_230,smp_station_name_923
feed_id_231,smp_station_name_193
feed_id_232,smp_station_name_119
feed_id_233,smp_station_name_603
feed_id_234,smp_station_name_504
feed_id_235,smp_station_name_143
feed_id_236,smp_station_name_844
feed_id_237,smp_station_name_510
feed_id_238,smp_station_name_1000
feed_id_239,smp_station_name_590
feed_id_24,smp_station_name_886
feed_id_241,smp_station_name_553
feed_id_242,smp_station_name_769
feed_id_244,smp_station_name_984
feed_id_245,smp_station_name_378
feed_id_246,smp_station_name_864
feed_id_247,smp_station_name_881
feed_id_248,smp_station_name_476
feed_id_249,smp_station_name_267
feed_id_25,smp_station_name_585
feed_id_251,smp_station_name_181
feed_id_252,smp_station_name_103
feed_id_254,smp_station_name_827
feed_id_255,smp_station_name_872
feed_id_256,smp_station_name_223
feed_id_257,smp_station_name_617
feed_id_258,smp_station_name_991
feed_id_26,smp_station_name_568
feed_id_262,smp_station_name_415
feed_id_264,smp_station_name_322
feed_id_265,smp_station_name_1036
feed_id_266,smp_station_name_685
feed_id_267,smp_station_name_1034
feed_id_268,smp_station_name_1060
feed_id_27,smp_station_name_976
feed_id_270,smp_station_name_635
feed_id_271,smp_station_name_64
feed_id_273,smp_station_name_939
feed_id_274,smp_station_name_987
feed_id_276,smp_station_name_915
feed_id_277,smp_station_name_787
feed_id_278,smp_station_name_414
feed_id_28,smp_station_name_218
feed_id_280,smp_station_name_1002
feed_id_282,smp_station_name_436
feed_id_283,smp_station_name_466
feed_id_284,smp_station_name_762
feed_id_285,smp_station_name_655
feed_id_286,smp_station_name_753
feed_id_287,smp_station_name_22
feed_id_288,smp_station_name_822
feed_id_29,smp_station_name_121
feed_id_291,smp_station_name_201
feed_id_292,smp_station_name_914
feed_id_293,smp_station_name_498
feed_id_294,smp_station_name_1084
feed_id_295,smp_station_name_688
feed_id_296,smp_station_name_1022
feed_id_297,smp_station_name_964
feed_id_298,smp_station_name_216
feed_id_30,smp_station_name_648
feed_id_300,smp_station_name_1072
feed_id_301,smp_station_name_503
feed_id_302,smp_station_name_387
feed_id_303,smp_station_name_317
feed_id_304,smp_station_name_557
feed_id_305,smp_station_name_1103
feed_id_306,smp_station_name_833
feed_id_307,smp_station_name_1059
feed_id_308,smp_station_name_28
feed_id_309,smp_station_name_888
feed_id_310,smp_station_name_910
feed_id_311,smp_station_name_873
feed_id_315,smp_station_name_381
feed_id_316,smp_station_name_796
feed_id_32,smp_station_name_959
feed_id_320,smp_station_name_903
feed_id_322,smp_station_name_508
feed_id_323,smp_station_name_413
feed_id_325,smp_station_name_953
feed_id_327,smp_station_name_691
feed_id_328,smp_station_name_188
feed_id_329,smp_station_name_640
feed_id_33,smp_station_name_359
feed_id_331,smp_station_name_515
feed_id_332,smp_station_name_186
feed_id_333,smp_station_name_90
feed_id_335,smp_station_name_867
feed_id_336,smp_station_name_574
feed_id_338,smp_station_name_631
feed_id_339,smp_station_name_506
feed_id_34,smp_station_name_838
feed_id_340,smp_station_name_816
feed_id_341,smp_station_name_950
feed_id_342,smp_station_name_02
feed_id_343,smp_station_name_662
feed_id_344,smp_station_name_535
feed_id_345,smp_station_name_620
feed_id_346,smp_station_name_213
feed_id_347,smp_station_name_778
feed_id_348,smp_station_name_733
feed_id_349,smp_station_name_214
feed_id_35,smp_station_name_1018
feed_id_351,smp_station_name_757
feed_id_352,smp_station_name_156
feed_id_353,smp_station_name_31
feed_id_354,smp_station_name_117
feed_id_355,smp_station_name_936
feed_id_358,smp_station_name_1106
feed_id_359,smp_station_name_742
feed_id_36,smp_station_name_1003
feed_id_360,smp_station_name_538
feed_id_361,smp_station_name_401
feed_id_362,smp_station_name_398
feed_id_363,smp_station_name_805
feed_id_364,smp_station_name_813
feed_id_365,smp_station_name_63
feed_id_366,smp_station_name_558
feed_id_367,smp_station_name_530
feed_id_368,smp_station_name_430
feed_id_370,smp_station_name_59
feed_id_371,smp_station_name_551
feed_id_372,smp_station_name_736
feed_id_373,smp_station_name_395
feed_id_376,smp_station_name_284
feed_id_379,smp_station_name_155
feed_id_380,smp_station_name_974
feed_id_382,smp_station_name_396
feed_id_383,smp_station_name_354
feed_id_384,smp_station_name_371
feed_id_387,smp_station_name_471
feed_id_388,smp_station_name_95
feed_id_389,smp_station_name_1043
feed_id_392,smp_station_name_107
feed_id_393,smp_station_name_675
feed_id_394,smp_station_name_332
feed_id_395,smp_station_name_175
feed_id_396,smp_station_name_1068
feed_id_397,smp_station_name_434
feed_id_398,smp_station_name_698
feed_id_399,smp_station_name_38
feed_id_40,smp_station_name_800
feed_id_403,smp_station_name_173
feed_id_404,smp_station_name_604
feed_id_405,smp_station_name_722
feed_id_407,smp_station_name_714
feed_id_408,smp_station_name_302
feed_id_409,smp_station_name_1088
feed_id_41,smp_station_name_09
feed_id_410,smp_station_name_1057
feed_id_411,smp_station_name_956
feed_id_412,smp_station_name_457
feed_id_414,smp_station_name_1039
feed_id_415,smp_station_name_231
feed_id_416,smp_station_name_458
feed_id_418,smp_station_name_84
feed_id_42,smp_station_name_124
feed_id_420,smp_station_name_217
feed_id_422,smp_station_name_226
feed_id_423,smp_station_name_420
feed_id_424,smp_station_name_286
feed_id_425,smp_station_name_1095
feed_id_427,smp_station_name_532
feed_id_43,smp_station_name_388
feed_id_430,smp_station_name_86
feed_id_431,smp_station_name_575
feed_id_432,smp_station_name_811
feed_id_434,smp_station_name_15
feed_id_435,smp_station_name_621
feed_id_436,smp_station_name_281
feed_id_437,smp_station_name_277
feed_id_438,smp_station_name_234
feed_id_439,smp_station_name_195
feed_id_44,smp_station_name_627
feed_id_440,smp_station_name_257
feed_id_441,smp_station_name_917
feed_id_442,smp_station_name_843
feed_id_443,smp_station_name_1112
feed_id_444,smp_station_name_303
feed_id_445,smp_station_name_542
feed_id_446,smp_station_name_672
feed_id_447,smp_station_name_300
feed_id_448,smp_station_name_236
feed_id_449,smp_station_name_36
feed_id_45,smp_station_name_1065
feed_id_450,smp_station_name_709
feed_id_451,smp_station_name_596
feed_id_452,smp_station_name_1067
feed_id_453,smp_station_name_40
feed_id_454,smp_station_name_994
feed_id_456,smp_station_name_27
feed_id_457,smp_station_name_878
feed_id_458,smp_station_name_629
feed_id_459,smp_station_name_536
feed_id_46,smp_station_name_697
feed_id_461,smp_station_name_855
feed_id_462,smp_station_name_546
feed_id_463,smp_station_name_916
feed_id_464,smp_station_name_583
feed_id_465,smp_station_name_971
feed_id_466,smp_station_name_312
feed_id_467,smp_station_name_734
feed_id_469,smp_station_name_19
feed_id_47,smp_station_name_692
feed_id_470,smp_station_name_857
feed_id_471,smp_station_name_892
feed_id_472,smp_station_name_862
feed_id_473,smp_station_name_584
feed_id_474,smp_station_name_656
feed_id_475,smp_station_name_383
feed_id_476,smp_station_name_1052
feed_id_479,smp_station_name_598
feed_id_48,smp_station_name_311
feed_id_480,smp_station_name_79
feed_id_481,smp_station_name_357
feed_id_482,smp_station_name_739
feed_id_484,smp_station_name_528
feed_id_485,smp_station_name_1046
feed_id_486,smp_station_name_613
feed_id_487,smp_station_name_409
feed_id_488,smp_station_name_1116
feed_id_489,smp_station_name_947
feed_id_49,smp_station_name_96
feed_id_492,smp_station_name_196
feed_id_493,smp_station_name_266
feed_id_495,smp_station_name_53
feed_id_499,smp_station_name_727
feed_id_500,smp_station_name_131
feed_id_501,smp_station_name_133
feed_id_502,smp_station_name_735
feed_id_503,smp_station_name_323
feed_id_505,smp_station_name_70
feed_id_506,smp_station_name_416
feed_id_507,smp_station_name_161
feed_id_509,smp_station_name_925
feed_id_51,smp_station_name_129
feed_id_510,smp_station_name_547
feed_id_511,smp_station_name_243
feed_id_512,smp_station_name_505
feed_id_513,smp_station_name_87
feed_id_514,smp_station_name_829
feed_id_515,smp_station_name_366
feed_id_517,smp_station_name_600
feed_id_518,smp_station_name_324
feed_id_519,smp_station_name_351
feed_id_52,smp_station_name_900
feed_id_520,smp_station_name_445
feed_id_521,smp_station_name_318
feed_id_522,smp_station_name_651
feed_id_523,smp_station_name_737
feed_id_524,smp_station_name_696
feed_id_526,smp_station_name_586
feed_id_527,smp_station_name_308
feed_id_528,smp_station_name_12
feed_id_529,smp_station_name_608
feed_id_53,smp_station_name_943
feed_id_530,smp_station_name_125
feed_id_532,smp_station_name_192
feed_id_533,smp_station_name_765
feed_id_534,smp_station_name_985
feed_id_535,smp_station_name_975
feed_id_536,smp_station_name_1029
feed_id_538,smp_station_name_1063
feed_id_539,smp_station_name_894
feed_id_54,smp_station_name_637
feed_id_540,smp_station_name_783
feed_id_541,smp_station_name_489
feed_id_542,smp_station_name_363
feed_id_543,smp_station_name_167
feed_id_544,smp_station_name_180
feed_id_545,smp_station_name_502
feed_id_546,smp_station_name_1070
feed_id_547,smp_station_name_1017
feed_id_548,smp_station_name_285
feed_id_549,smp_station_name_982
feed_id_550,smp_station_name_963
feed_id_552,smp_station_name_240
feed_id_554,smp_station_name_293
feed_id_555,smp_station_name_235
feed_id_557,smp_station_name_722
feed_id_558,smp_station_name_150
feed_id_559,smp_station_name_374
feed_id_56,smp_station_name_856
feed_id_560,smp_station_name_160
feed_id_563,smp_station_name_449
feed_id_564,smp_station_name_75
feed_id_566,smp_station_name_826
feed_id_568,smp_station_name_304
feed_id_57,smp_station_name_440
feed_id_570,smp_station_name_1094
feed_id_571,smp_station_name_988
feed_id_574,smp_station_name_189
feed_id_575,smp_station_name_185
feed_id_577,smp_station_name_191
feed_id_578,smp_station_name_723
feed_id_579,smp_station_name_316
feed_id_58,smp_station_name_106
feed_id_582,smp_station_name_748
feed_id_583,smp_station_name_248
feed_id_584,smp_station_name_589
feed_id_585,smp_station_name_533
feed_id_586,smp_station_name_102
feed_id_587,smp_station_name_763
feed_id_588,smp_station_name_225
feed_id_589,smp_station_name_1015
feed_id_59,smp_station_name_261
feed_id_591,smp_station_name_997
feed_id_592,smp_station_name_711
feed_id_593,smp_station_name_450
feed_id_594,smp_station_name_361
feed_id_595,smp_station_name_1033
feed_id_596,smp_station_name_163
feed_id_597,smp_station_name_78
feed_id_60,smp_station_name_334
feed_id_600,smp_station_name_120
feed_id_601,smp_station_name_591
feed_id_603,smp_station_name_840
feed_id_604,smp_station_name_902
feed_id_608,smp_station_name_897
feed_id_609,smp_station_name_764
feed_id_61,smp_station_name_674
feed_id_610,smp_station_name_486
feed_id_611,smp_station_name_622
feed_id_612,smp_station_name_784
feed_id_613,smp_station_name_884
feed_id_616,smp_station_name_716
feed_id_619,smp_station_name_912
feed_id_62,smp_station_name_130
feed_id_620,smp_station_name_941
feed_id_622,smp_station_name_1091
feed_id_623,smp_station_name_472
feed_id_624,smp_station_name_710
feed_id_625,smp_station_name_164
feed_id_626,smp_station_name_328
feed_id_629,smp_station_name_81
feed_id_63,smp_station_name_1082
feed_id_630,smp_station_name_123
feed_id_631,smp_station_name_616
feed_id_634,smp_station_name_797
feed_id_635,smp_station_name_39
feed_id_636,smp_station_name_202
feed_id_637,smp_station_name_138
feed_id_638,smp_station_name_108
feed_id_639,smp_station_name_132
feed_id_642,smp_station_name_866
feed_id_644,smp_station_name_296
feed_id_645,smp_station_name_169
feed_id_647,smp_station_name_23
feed_id_648,smp_station_name_614
feed_id_649,smp_station_name_1097
feed_id_65,smp_station_name_170
feed_id_652,smp_station_name_385
feed_id_653,smp_station_name_165
feed_id_655,smp_station_name_52
feed_id_656,smp_station_name_1081
feed_id_657,smp_station_name_487
feed_id_659,smp_station_name_460
feed_id_660,smp_station_name_895
feed_id_661,smp_station_name_821
feed_id_664,smp_station_name_1016
feed_id_668,smp_station_name_237
feed_id_669,smp_station_name_986
feed_id_67,smp_station_name_820
feed_id_670,smp_station_name_743
feed_id_671,smp_station_name_898
feed_id_672,smp_station_name_767
feed_id_673,smp_station_name_592
feed_id_675,smp_station_name_1026
feed_id_676,smp_station_name_1055
feed_id_68,smp_station_name_01
feed_id_681,smp_station_name_166
feed_id_682,smp_station_name_677
feed_id_687,smp_station_name_658
feed_id_688,smp_station_name_210
feed_id_689,smp_station_name_268
feed_id_69,smp_station_name_271
feed_id_690,smp_station_name_944
feed_id_691,smp_station_name_809
feed_id_692,smp_station_name_750
feed_id_693,smp_station_name_646
feed_id_696,smp_station_name_421
feed_id_697,smp_station_name_771
feed_id_698,smp_station_name_958
feed_id_699,smp_station_name_43
feed_id_70,smp_station_name_18
feed_id_700,smp_station_name_65
feed_id_701,smp_station_name_1107
feed_id_702,smp_station_name_340
feed_id_703,smp_station_name_689
feed_id_704,smp_station_name_937
feed_id_705,smp_station_name_260
feed_id_706,smp_station_name_403
feed_id_707,smp_station_name_127
feed_id_709,smp_station_name_356
feed_id_710,smp_station_name_983
feed_id_711,smp_station_name_343
feed_id_712,smp_station_name_178
feed_id_714,smp_station_name_792
feed_id_715,smp_station_name_25
feed_id_716,smp_station_name_337
feed_id_717,smp_station_name_650
feed_id_718,smp_station_name_501
feed_id_719,smp_station_name_1101
feed_id_72,smp_station_name_581
feed_id_720,smp_station_name_611
feed_id_721,smp_station_name_364
feed_id_722,smp_station_name_1098
feed_id_724,smp_station_name_1073
feed_id_727,smp_station_name_619
feed_id_728,smp_station_name_301
feed_id_729,smp_station_name_111
feed_id_73,smp_station_name_876
feed_id_732,smp_station_name_539
feed_id_733,smp_station_name_625
feed_id_734,smp_station_name_1041
feed_id_735,smp_station_name_463
feed_id_736,smp_station_name_154
feed_id_737,smp_station_name_594
feed_id_738,smp_station_name_543
feed_id_739,smp_station_name_628
feed_id_74,smp_station_name_456
feed_id_740,smp_station_name_342
feed_id_742,smp_station_name_370
feed_id_744,smp_station_name_680
feed_id_745,smp_station_name_1019
feed_id_746,smp_station_name_211
feed_id_747,smp_station_name_817
feed_id_749,smp_station_name_41
feed_id_75,smp_station_name_824
feed_id_752,smp_station_name_1102
feed_id_753,smp_station_name_220
feed_id_754,smp_station_name_509
feed_id_755,smp_station_name_973
feed_id_756,smp_station_name_148
feed_id_757,smp_station_name_572
feed_id_758,smp_station_name_812
feed_id_759,smp_station_name_808
feed_id_76,smp_station_name_1079
feed_id_760,smp_station_name_758
feed_id_761,smp_station_name_54
feed_id_762,smp_station_name_122
feed_id_764,smp_station_name_272
feed_id_765,smp_station_name_144
feed_id_766,smp_station_name_579
feed_id_768,smp_station_name_730
feed_id_769,smp_station_name_906
feed_id_77,smp_station_name_768
feed_id_771,smp_station_name_700
feed_id_772,smp_station_name_1009
feed_id_773,smp_station_name_389
feed_id_774,smp_station_name_837
feed_id_775,smp_station_name_473
feed_id_776,smp_station_name_933
feed_id_777,smp_station_name_870
feed_id_778,smp_station_name_330
feed_id_779,smp_station_name_483
feed_id_780,smp_station_name_289
feed_id_781,smp_station_name_681
feed_id_782,smp_station_name_830
feed_id_783,smp_station_name_428
feed_id_784,smp_station_name_552
feed_id_785,smp_station_name_683
feed_id_787,smp_station_name_1048
feed_id_788,smp_station_name_187
feed_id_790,smp_station_name_708
feed_id_791,smp_station_name_490
feed_id_792,smp_station_name_545
feed_id_793,smp_station_name_525
feed_id_794,smp_station_name_269
feed_id_795,smp_station_name_807
feed_id_796,smp_station_name_788
feed_id_798,smp_station_name_719
feed_id_799,smp_station_name_242
feed_id_80,smp_station_name_659
feed_id_800,smp_station_name_860
feed_id_804,smp_station_name_352
feed_id_806,smp_station_name_670
feed_id_807,smp_station_name_57
feed_id_808,smp_station_name_1021
feed_id_809,smp_station_name_687
feed_id_81,smp_station_name_587
feed_id_810,smp_station_name_406
feed_id_811,smp_station_name_331
feed_id_813,smp_station_name_474
feed_id_814,smp_station_name_97
feed_id_815,smp_station_name_738
feed_id_816,smp_station_name_704
feed_id_817,smp_station_name_26
feed_id_818,smp_station_name_601
feed_id_82,smp_station_name_246
feed_id_820,smp_station_name_482
feed_id_822,smp_station_name_802
feed_id_823,smp_station_name_606
feed_id_824,smp_station_name_544
feed_id_825,smp_station_name_92
feed_id_826,smp_station_name_1083
feed_id_827,smp_station_name_183
feed_id_828,smp_station_name_295
feed_id_829,smp_station_name_663
feed_id_83,smp_station_name_105
feed_id_830,smp_station_name_521
feed_id_831,smp_station_name_989
feed_id_832,smp_station_name_550
feed_id_833,smp_station_name_45
feed_id_835,smp_station_name_1109
feed_id_836,smp_station_name_333
feed_id_837,smp_station_name_66
feed_id_838,smp_station_name_1044
feed_id_839,smp_station_name_1006
feed_id_84,smp_station_name_221
feed_id_840,smp_station_name_595
feed_id_841,smp_station_name_1007
feed_id_842,smp_station_name_280
feed_id_844,smp_station_name_481
feed_id_845,smp_station_name_67
feed_id_846,smp_station_name_693
feed_id_847,smp_station_name_913
feed_id_848,smp_station_name_756
feed_id_849,smp_station_name_441
feed_id_85,smp_station_name_139
feed_id_850,smp_station_name_747
feed_id_851,smp_station_name_1121
feed_id_855,smp_station_name_227
feed_id_856,smp_station_name_251
feed_id_857,smp_station_name_518
feed_id_858,smp_station_name_1092
feed_id_859,smp_station_name_203
feed_id_860,smp_station_name_612
feed_id_861,smp_station_name_828
feed_id_862,smp_station_name_177
feed_id_864,smp_station_name_887
feed_id_866,smp_station_name_928
feed_id_867,smp_station_name_992
feed_id_868,smp_station_name_410
feed_id_869,smp_station_name_642
feed_id_87,smp_station_name_115
feed_id_870,smp_station_name_432
feed_id_873,smp_station_name_570
feed_id_874,smp_station_name_404
feed_id_876,smp_station_name_114
feed_id_877,smp_station_name_632
feed_id_878,smp_station_name_241
feed_id_88,smp_station_name_935
feed_id_880,smp_station_name_34
feed_id_881,smp_station_name_818
feed_id_882,smp_station_name_564
feed_id_883,smp_station_name_71
feed_id_885,smp_station_name_725
feed_id_886,smp_station_name_49
feed_id_887,smp_station_name_411
feed_id_888,smp_station_name_136
feed_id_889,smp_station_name_858
feed_id_89,smp_station_name_562
feed_id_890,smp_station_name_230
feed_id_892,smp_station_name_609
feed_id_894,smp_station_name_426
feed_id_895,smp_station_name_641
feed_id_899,smp_station_name_979
feed_id_90,smp_station_name_740
feed_id_901,smp_station_name_960
feed_id_902,smp_station_name_418
feed_id_904,smp_station_name_780
feed_id_905,smp_station_name_853
feed_id_907,smp_station_name_1025
feed_id_908,smp_station_name_444
feed_id_91,smp_station_name_667
feed_id_910,smp_station_name_919
feed_id_911,smp_station_name_274
feed_id_913,smp_station_name_752
feed_id_914,smp_station_name_720
feed_id_915,smp_station_name_146
feed_id_916,smp_station_name_431
feed_id_917,smp_station_name_605
feed_id_918,smp_station_name_729
feed_id_92,smp_station_name_945
feed_id_921,smp_station_name_358
feed_id_922,smp_station_name_32
feed_id_923,smp_station_name_954
feed_id_924,smp_station_name_194
feed_id_925,smp_station_name_479
feed_id_927,smp_station_name_1050
feed_id_928,smp_station_name_496
feed_id_929,smp_station_name_347
feed_id_93,smp_station_name_626
feed_id_932,smp_station_name_263
feed_id_933,smp_station_name_634
feed_id_934,smp_station_name_1035
feed_id_936,smp_station_name_577
feed_id_937,smp_station_name_1122
feed_id_939,smp_station_name_554
feed_id_940,smp_station_name_1032
feed_id_942,smp_station_name_965
feed_id_943,smp_station_name_06
feed_id_944,smp_station_name_927
feed_id_946,smp_station_name_998
feed_id_947,smp_station_name_519
feed_id_948,smp_station_name_402
feed_id_949,smp_station_name_512
feed_id_950,smp_station_name_405
feed_id_951,smp_station_name_1078
feed_id_952,smp_station_name_1113
feed_id_953,smp_station_name_571
feed_id_955,smp_station_name_666
feed_id_956,smp_station_name_671
feed_id_957,smp_station_name_541
feed_id_958,smp_station_name_353
feed_id_96,smp_station_name_527
feed_id_960,smp_station_name_573
feed_id_961,smp_station_name_905
feed_id_962,smp_station_name_182
feed_id_963,smp_station_name_782
feed_id_964,smp_station_name_1045
feed_id_966,smp_station_name_278
feed_id_967,smp_station_name_745
feed_id_968,smp_station_name_447
feed_id_969,smp_station_name_874
feed_id_97,smp_station_name_832
feed_id_970,smp_station_name_718
feed_id_971,smp_station_name_1054
feed_id_972,smp_station_name_835
feed_id_973,smp_station_name_684
feed_id_974,smp_station_name_893
feed_id_975,smp_station_name_200
feed_id_977,smp_station_name_16
feed_id_979,smp_station_name_638
feed_id_98,smp_station_name_264
feed_id_980,smp_station_name_109
feed_id_981,smp_station_name_335
feed_id_982,smp_station_name_599
feed_id_983,smp_station_name_1038
feed_id_984,smp_station_name_394
feed_id_985,smp_station_name_929
feed_id_986,smp_station_name_400
feed_id_987,smp_station_name_215
feed_id_988,smp_station_name_171
feed_id_989,smp_station_name_46
feed_id_99,smp_station_name_759
feed_id_990,smp_station_name_135
feed_id_992,smp_station_name_875
feed_id_993,smp_station_name_101
feed_id_994,smp_station_name_89
feed_id_995,smp_station_name_597
feed_id_996,smp_station_name_1023
feed_id_997,smp_station_name_931
feed_id_998,smp_station_name_649
feed_id_999,smp_station_name_497
